<?xml version="1.0" encoding="utf-8"?>

<!--
@name     OpenCart
@package  Equal Sign
@author   Andrii Burkatskyi, ocmod.space@gmail.com
@version  3.1.2
@link     https://www.ocmod.space/equal-sign
@link     https://www.opencart.com/index.php?route=marketplace/extension/info&extension_id=34383
@link     https://github.com/ocmod-space/ocmod-equal-sign
@licence  https://raw.githubusercontent.com/ocmod-space/ocmod-equal-sign/main/LICENSE.txt
-->

<modification>
	<name>!/ocmod.space/equal_sign</name>
	<code>equal-sign</code>
	<version>3.1.2</version>
	<author>Andrii Burkatskyi</author>
	<link>https://www.opencart.com/index.php?route=marketplace/extension&amp;filter_member=ocmod.space</link>

	<file path="system/library/cart.php" error="log">
		<operation error="log">
			<search>
				<![CDATA[public function add]]>
			</search>
			<add position="before">
				<![CDATA[
	/// <<< /ocmod.space/equal_sign
	private function hasEqual($option_data, $key = 'price') {
		foreach ($option_data as $option) {
			if (in_array($option['type'], array('select', 'radio', 'image')) && $option[$key . '_prefix'] == '=') {
				return true;
			}
		}

		return false;
	}]]>
			</add>
		</operation>

		<operation error="log">
			<ignoreif regex="false" info=""><![CDATA[private function getOptionValue]]></ignoreif>
			<search>
				<![CDATA[public function add]]>
			</search>
			<add position="before">
				<![CDATA[

	private function getOptionValue($option_data, $key = 'price') {
		$value = 0;

		foreach ($option_data as $option) {
				if ($option[$key . '_prefix'] == '=' || $option[$key . '_prefix'] == '+' ) {
					$value += $option[$key];
				} elseif ($option[$key . '_prefix'] == '-') {
					$value -= $option[$key];
				}
		}

		return $value;
	}
	/// >>> /ocmod.space/equal_sign]]>
			</add>
		</operation>

		<operation error="log" info="price">
			<search>
				<![CDATA[$product_data[] = array(]]>
			</search>
			<add position="before">
				<![CDATA[
				/// <<< /ocmod.space/equal_sign
				$has_equal_price = $this->hasEqual($option_data);
				$has_equal_points = $this->hasEqual($option_data, 'points');
				$has_equal_weight = $this->hasEqual($option_data, 'weight');

				$option_price = $this->getOptionValue($option_data, 'price');
				$option_points = $this->getOptionValue($option_data, 'points');
				$option_weight = $this->getOptionValue($option_data, 'weight');
				/// >>> /ocmod.space/equal_sign]]>
			</add>
		</operation>

		<operation error="log" info="price">
			<search>
				<![CDATA[$price + $option_price]]>
			</search>
			<add position="replace">
				<![CDATA[$has_equal_price ? $option_price : ($price + $option_price)]]>
			</add>
		</operation>

		<operation error="log" info="points">
			<search>
				<![CDATA[$product_query->row['points'] + $option_points]]>
			</search>
			<add position="replace">
				<![CDATA[$has_equal_points ? $option_points : ($product_query->row['points'] + $option_points)]]>
			</add>
		</operation>

		<operation error="log" info="weight">
			<search>
				<![CDATA[$product_query->row['weight'] + $option_weight]]>
			</search>
			<add position="replace">
				<![CDATA[$has_equal_weight ? $option_weight : ($product_query->row['weight'] + $option_weight)]]>
			</add>
		</operation>
	</file>

	<file path="admin/controller/sale/order.php" error="log">
		<operation error="log" info="Fix">
			<ignoreif regex="false"><![CDATA[$option_weight = 0;]]></ignoreif>
			<search>
				<![CDATA[$option_weight = '';]]>
			</search>
			<add position="replace">
				<![CDATA[$option_weight = 0;]]>
			</add>
		</operation>

		<operation error="log">
			<search>
				<![CDATA[$option_weight = 0;]]>
			</search>
			<add position="after">
				<![CDATA[					$has_eql_weight = false;  /// /ocmod.space/equal_sign]]>
			</add>
		</operation>

		<operation error="log">
			<search>
				<![CDATA[$option_weight -= $product_option_value_info['weight'];]]>
			</search>
			<add position="after">
				<![CDATA[
								/// <<< /ocmod.space/equal_sign
								} elseif ($product_option_value_info['weight_prefix'] == '=') {
									$option_weight += $product_option_value_info['weight'];

								/// >>> /ocmod.space/equal_sign]]>
			</add>
		</operation>

		<operation error="log" info="preliminary fix for OC 2.1.x">
			<ignoreif regex="false" info="for 2.1.x"><![CDATA[(float)$option_weight]]></ignoreif>
			<search>
				<![CDATA[$this->weight->format(($product_info['weight'] + $option_weight)]]>
			</search>
			<add position="replace">
				<![CDATA[$this->weight->format(($product_info['weight'] + (float)$option_weight)]]>
			</add>
		</operation>

		<operation error="log">
			<search>
				<![CDATA[(float)$option_weight]]>
			</search>
			<add position="replace">
				<![CDATA[(!empty($has_eql_weight) ? (float)$option_weight - $product_info['weight'] : (float)$option_weight)]]>
			</add>
		</operation>
	</file>

	<file path="admin/view/template/catalog/product_form.*" error="log" info="oc v2.3.x.x">

	<!-- OC 2.1+ -->
		<operation error="log">
	    	<ignoreif regex="false" info="for 2.1.x"><![CDATA[{{ header }}]]></ignoreif>
			<search>
		  		<![CDATA[<?php if ($product_option_value['price_prefix'] == '-') { ?>]]>
				</search>
		  	<add position="before">
				<![CDATA[
                                  <?php if ($product_option_value['price_prefix'] == '=') { ?>
                                  <option value="=" selected="selected">=</option>
                                  <?php } else { ?>
                                  <option value="=">=</option>
                                  <?php } ?>]]>
			</add>
		</operation>

		<operation error="log">
			<ignoreif regex="false" info="for 2.1.x"><![CDATA[{{ header }}]]></ignoreif>
			<search>
		  		<![CDATA[<?php if ($product_option_value['points_prefix'] == '-') { ?>]]>
				</search>
		  	<add position="before">
				<![CDATA[
                                  <?php if ($product_option_value['points_prefix'] == '=') { ?>
                                  <option value="=" selected="selected">=</option>
                                  <?php } else { ?>
                                  <option value="=">=</option>
                                  <?php } ?>]]>
			</add>
		</operation>

		<operation error="log">
			<ignoreif regex="false" info="for 2.1.x"><![CDATA[{{ header }}]]></ignoreif>
			<search>
		  		<![CDATA[<?php if ($product_option_value['weight_prefix'] == '-') { ?>]]>
				</search>
		  	<add position="before">
				<![CDATA[
                                  <?php if ($product_option_value['weight_prefix'] == '=') { ?>
                                  <option value="=" selected="selected">=</option>
                                  <?php } else { ?>
                                  <option value="=">=</option>
                                  <?php } ?>]]>
			</add>
		</operation>

	<!-- OC 3.0+ -->
		<operation error="log">
			<ignoreif regex="false" info="for 3.0.x"><![CDATA[<?php echo $header; ?>]]></ignoreif>
			<search>
				<![CDATA[{% if product_option_value.price_prefix == '-' %}]]>
				</search>
			<add position="before">
				<![CDATA[
                                {% if product_option_value.price_prefix == '=' %}

                                  <option value="=" selected="selected">=</option>

                                {% else %}

                                  <option value="=">=</option>

                                {% endif %}]]>
			</add>
		</operation>

		<operation error="log">
			<ignoreif regex="false" info="for 3.0.x"><![CDATA[<?php echo $header; ?>]]></ignoreif>
			<search>
				<![CDATA[{% if product_option_value.points_prefix == '-' %}]]>
			</search>
			<add position="before">
                <![CDATA[
                                {% if product_option_value.points_prefix == '=' %}

                                  <option value="=" selected="selected">=</option>

                                {% else %}

                                  <option value="=">=</option>

                                {% endif %}]]>
			</add>
		</operation>

		<operation error="log">
			<ignoreif regex="false" info="for 3.0.x"><![CDATA[<?php echo $header; ?>]]></ignoreif>
			<search>
				<![CDATA[{% if product_option_value.weight_prefix == '-' %}]]>
			</search>
			<add position="before">
                <![CDATA[
                                {% if product_option_value.weight_prefix == '=' %}

                                  <option value="=" selected="selected">=</option>

                                {% else %}

                                  <option value="=">=</option>

                                {% endif %}]]>
			</add>
		</operation>

		<operation error="log">
			<!-- <ignoreif regex="false" info="for 3.0.x"><![CDATA[<?php echo $header; ?>]]></ignoreif> -->
			<search>
				<![CDATA[<option value="+">+</option>';]]>
			</search>
			<add position="after">
				<![CDATA[  html += '    <option value="=">=</option>';]]>
			</add>
		</operation>
	</file>
</modification>
