<?xml version="1.0" encoding="utf-8"?>

<!--
@name     Equal Sign|Hide Prefix
@author   Andrii Burkatskyi, ocmod.space@gmail.com
@version  2.3.2
@link     https://www.opencart.com/index.php?route=marketplace/extension/info&extension_id=34383
@link     https://github.com/ocmod-space/ocmod-equal-sign
@licence  https://raw.githubusercontent.com/ocmod-space/ocmod-equal-sign/main/LICENSE.txt
-->

<modification>
	<name>#ocmod.space: equal-sign|hide-prefix</name>
	<code>equal-sign--hide-prefix</code>
	<version>2.3.2</version>
	<author>Andrii Burkatskyi</author>
	<link>https://www.opencart.com/index.php?route=marketplace/extension&amp;filter_member=ocmod.space</link>
	<file path="catalog/controller/product/product.php" error="log">
		<!--
		<operation error="skip">
			<search><![CDATA[
				foreach ($option['product_option_value'] as $option_value) {
			]]></search>
			<add position="after"><![CDATA[
				if ($option_value['price_prefix'] == '=') {
					$option_value['price_prefix'] = '';
				}
			]]></add>
		</operation>
		-->
		<operation error="log" info="hide prefix =">
			<search>
				<![CDATA[=> $option_value['price_prefix']]]>
			</search>
			<add position="replace">
				<![CDATA[=> $option_value['price_prefix'] == '=' ? '' : $option_value['price_prefix']]]>
			</add>
		</operation>
	</file>
</modification>
