<?xml version="1.0" encoding="utf-8"?>

<!--
@name     Equal Sign|Journal|Enhanced Options
@author   Andrii Burkatskyi, ocmod.space@gmail.com
@version  2.3.2
@link     https://www.opencart.com/index.php?route=marketplace/extension/info&extension_id=34383
@link     https://github.com/ocmod-space/ocmod-equal-sign
@licence  https://raw.githubusercontent.com/ocmod-space/ocmod-equal-sign/main/LICENSE.txt
-->

<modification>
	<name>#ocmod.space: equal-sign|journal|enhanced-options</name>
	<code>equal-sign--journal--enhanced-options</code>
	<version>2.3.2</version>
	<author>Andrii Burkatskyi</author>
	<link>https://www.opencart.com/index.php?route=marketplace/extension&amp;filter_member=ocmod.space</link>

	<file path="catalog/controller/journal3/price.php" error="log">
		<operation error="log">
			<search>
				<![CDATA[if ($product_info) {]]>
			</search>
			<add position="after">
				<![CDATA[				/// << equal-sign|journal|enhanced-options
			if ((float)$product_info['special']) {
				$co = (float)$product_info['special'] / (float)$product_info['price'];
			} else {
				$co = 1;
			}
			/// >> equal-sign|journal|enhanced-options]]>
			</add>
		</operation>

		<operation error="log">
			<search>
				<![CDATA[$special_options_price = $options_price]]>
			</search>
			<add position="replace">
				<![CDATA[$special_options_price = $options_price * $co]]>
			</add>
		</operation>

		<operation error="log">
			<search>
				<![CDATA[$tax_options_price = $options_price]]>
			</search>
			<add position="replace">
				<![CDATA[$tax_options_price = $options_price * $co]]>
			</add>
		</operation>

	</file>
</modification>
